{"Esum_means": [76.94115675619133, 153.80470952092793, 230.6335703280534, 307.9787914511637, 384.51541092834265, 461.38694365983434, 538.6367887649935, 616.0579873178907, 691.9578105818014, 769.2167723096277, 845.4853808005006, 923.0120484961864, 1000.093068825364, 1076.82888985271, 1153.5747397235903, 1230.3363101426505, 1306.616234247367, 1383.172666375551, 1461.3342361389712, 1536.8295558807422], "Esum_mean_errors": [0.12414245136017144, 0.17614087397639366, 0.21727676301055965, 0.24887306149764754, 0.280575729110069, 0.30108194063780047, 0.3345357698354974, 0.3581164325948407, 0.3787777599684432, 0.39657909433947225, 0.4154974762718098, 0.4509085556392165, 0.4614868300329249, 0.4736513414992487, 0.48674875722304023, 0.4944700746190165, 0.5262267190303191, 0.5527644794354956, 0.5514706701374052, 0.5839523190257978], "Esum_sigmas": [8.778197367104548, 12.453794440649265, 15.357701178926536, 17.589175653386654, 19.825794298471457, 21.28330983517348, 23.64571526586048, 25.31243487219821, 26.77279792069927, 28.031016139600517, 29.37412545744421, 31.867831635253047, 32.622095472902295, 33.4753894915235, 34.40449730714959, 34.93980714194557, 37.17998265891089, 39.04707469421858, 38.95964895096929, 41.24959809381503], "Esum_sigma_errors": [0.08778172749015667, 0.12454920625218158, 0.15363723396330542, 0.1759799575662857, 0.19839837414525086, 0.21290134089982793, 0.23656151735752573, 0.2532370882777748, 0.26785021830293587, 0.280439579809034, 0.2938151763921919, 0.31887026112197603, 0.32633862133389613, 0.3349405023111949, 0.34419184641053846, 0.3496466051328184, 0.37211373531238934, 0.39089617968368984, 0.38996320323658296, 0.4130127995521313], "shower_x_means": [-0.030685865821562075, 0.0002755201635586957, 0.05456774259214647, 0.005809411720930413, -0.04867181061670678, 0.008687076290062379, -0.020278505112342415, -0.03661201548466586, 0.015713067083744647, -0.032185521412962714, 0.011869347231296956, 0.01796847050844974, -0.004067377162886743, -0.0109400722487063, -0.008609065997959853, 0.01982640094102006, -0.014540523871541922, -0.0027870084370436032, 0.006851046307473574, -0.014166790025830878], "shower_x_mean_errors": [0.05091220256021067, 0.03687707500312687, 0.03033379272837866, 0.026212734143767236, 0.023522271026186203, 0.021538304288165833, 0.019916274568701375, 0.018404944771332588, 0.017751719334670568, 0.01679396275865397, 0.016090129810048204, 0.015280556708292536, 0.014730699098508993, 0.014216079565667172, 0.013525152429172849, 0.012897983816640313, 0.013131648463505563, 0.012461911781420643, 0.011873797891037707, 0.011685006868349834], "shower_x_sigmas": [3.5950874682437517, 2.60708308867381, 2.144710190906859, 1.8531506193233884, 1.6627775658657957, 1.522836532092954, 1.4081530908354927, 1.3012965185056924, 1.255236638073135, 1.1875129943459042, 1.1376306946522396, 1.080498992839912, 1.0415139962086366, 1.005128565792547, 0.9563731537167963, 0.9120256250744739, 0.9283625788289018, 0.8811026442539733, 0.8394369005769262, 0.8261727437512437], "shower_x_sigma_errors": [0.03608135823149228, 0.02607603644984291, 0.021449176994566166, 0.018535088907833397, 0.016633176801783334, 0.015229830601749095, 0.014082823935241628, 0.01301436389196764, 0.012551310636079616, 0.011875042736566921, 0.01137760554172551, 0.010804970191099716, 0.010416184814643459, 0.01005226784720109, 0.009563896839801522, 0.009120239461650248, 0.009285476928652281, 0.00881192417064025, 0.008395824814694919, 0.008262038148031614], "shower_y_means": [-0.0673400664146051, 0.016158815911690994, 0.021373903819302598, 0.005415649714249682, 0.013222493420510517, 0.03100085611972503, -0.021011229614066096, -0.02882928943271601, 0.01171869438697648, 0.011583938603161315, -0.018148020903970163, 0.007126962814748339, 0.005648636663250883, 0.007468367865220316, 0.002952092674172846, -0.015696034521413438, 0.0003199007851755198, 0.005737686695402644, -0.014667510736019018, -0.00782263125335625], "shower_y_mean_errors": [0.051297300151704306, 0.036572916835896585, 0.030401937179761696, 0.02643540848504866, 0.023010612911275707, 0.021363102343895157, 0.02041685414998895, 0.018414974270428708, 0.017429676245508396, 0.01673647763843711, 0.016029946503236303, 0.015289065097889853, 0.01469928408285437, 0.01413123048138587, 0.013612926690413918, 0.013512412472565405, 0.012697212498728128, 0.012596933338734573, 0.01241389549123939, 0.011774616286714945], "shower_y_sigmas": [3.6225096446371556, 2.5855803216434423, 2.149098178135545, 1.8688929576788595, 1.6269341518439246, 1.5104490735650593, 1.4435459181862922, 1.3020056444051138, 1.2324647235784636, 1.1834481732136608, 1.1333755022195384, 1.0808843798376147, 1.039396810901946, 0.9992293492348368, 0.9625797333385875, 0.9554723606929008, 0.8976494123292351, 0.8906491570290542, 0.8776200092635253, 0.8323419214317485], "shower_y_sigma_errors": [0.036365695483300264, 0.025860988512101946, 0.021497952090186345, 0.018692493465858884, 0.016270757937468128, 0.015106152257890915, 0.014436979103544023, 0.013021410032803327, 0.01232460122567236, 0.011834429966976479, 0.011335063286035174, 0.010810972511810957, 0.010394013460182983, 0.009992639968862238, 0.009625916441403426, 0.00955485517704907, 0.008978243621233284, 0.008907500075962638, 0.00877834634271163, 0.008325632902674296], "shower_z_means": [-104.01090844573646, -92.46708896986414, -85.41453861922821, -80.7776857749101, -77.41146963132347, -74.0500192361937, -72.26043796442261, -70.15533286616382, -68.2653520069023, -65.63352339418003, -64.29451149186264, -62.79848769163797, -61.55279039662658, -60.42654958993829, -59.65848186265325, -58.62684631430474, -57.627904936004214, -56.359556713895046, -55.64398452156044, -55.18588496713119], "shower_z_mean_errors": [0.38728968404262076, 0.3676109501292544, 0.3657278468535097, 0.3619932178103724, 0.35795710255464996, 0.35819901342159, 0.3515000858726438, 0.34927249004257277, 0.3448337360652687, 0.34809307033950887, 0.35902199280049985, 0.357429913757386, 0.3487048231315839, 0.34320332640889717, 0.3488775952141552, 0.34725439334615515, 0.3475531047779299, 0.35392152253110964, 0.34886050514295164, 0.3516357497707929], "shower_z_sigmas": [27.33347950908831, 25.982456747508497, 25.844748363497878, 25.58709112188583, 25.29717572257788, 25.314335049476316, 24.84359579218423, 24.67870426634693, 24.367597224497217, 24.600036289698323, 25.375443466014776, 25.25473307224111, 24.64859533375541, 24.257150156993042, 24.650147553379227, 24.541035602606883, 24.559031562679674, 24.99903020073092, 24.641295217876092, 24.827568249873078], "shower_z_sigma_errors": [0.2761730351621363, 0.2604261957874421, 0.2588747150551871, 0.2561475598421481, 0.25325743778062915, 0.2534272262016142, 0.24866048042541244, 0.24707394683850836, 0.243949399556584, 0.24628211954029489, 0.2541677146579744, 0.25308214779109584, 0.2468690346691318, 0.24298287590761802, 0.2472095200088038, 0.24617119371131402, 0.24656957392782886, 0.25149219911592446, 0.2480530974974311, 0.2506126757392604]}